DROP DATABASE IF EXISTS vk;
CREATE DATABASE vk;
USE vk;

-- Generation time: Thu, 24 Oct 2019 19:02:15 +0000
-- Host: mysql.hostinger.ro
-- DB name: u574849695_22
/*!40030 SET NAMES UTF8 */;
/*!40101 SET @OLD_CHARACTER_SET_CLIENT=@@CHARACTER_SET_CLIENT */;
/*!40101 SET @OLD_CHARACTER_SET_RESULTS=@@CHARACTER_SET_RESULTS */;
/*!40101 SET @OLD_COLLATION_CONNECTION=@@COLLATION_CONNECTION */;
/*!40103 SET @OLD_TIME_ZONE=@@TIME_ZONE */;
/*!40103 SET TIME_ZONE='+00:00' */;
/*!40014 SET @OLD_UNIQUE_CHECKS=@@UNIQUE_CHECKS, UNIQUE_CHECKS=0 */;
/*!40014 SET @OLD_FOREIGN_KEY_CHECKS=@@FOREIGN_KEY_CHECKS, FOREIGN_KEY_CHECKS=0 */;
/*!40101 SET @OLD_SQL_MODE=@@SQL_MODE, SQL_MODE='NO_AUTO_VALUE_ON_ZERO' */;
/*!40111 SET @OLD_SQL_NOTES=@@SQL_NOTES, SQL_NOTES=0 */;

DROP TABLE IF EXISTS `communities`;
CREATE TABLE `communities` (
  `id` bigint(20) unsigned NOT NULL AUTO_INCREMENT,
  `name` varchar(150) COLLATE utf8_unicode_ci DEFAULT NULL,
  PRIMARY KEY (`id`),
  KEY `communities_name_idx` (`name`)
) ENGINE=InnoDB AUTO_INCREMENT=101 DEFAULT CHARSET=utf8 COLLATE=utf8_unicode_ci;

INSERT INTO `communities` VALUES ('45','accusantium'),
('58','architecto'),
('39','asperiores'),
('69','assumenda'),
('12','at'),
('34','aut'),
('76','aut'),
('80','aut'),
('81','aut'),
('4','autem'),
('51','autem'),
('67','autem'),
('32','beatae'),
('41','blanditiis'),
('15','consectetur'),
('31','consequatur'),
('97','consequatur'),
('17','corrupti'),
('23','cum'),
('65','delectus'),
('75','delectus'),
('40','doloremque'),
('30','dolorum'),
('77','dolorum'),
('53','earum'),
('54','eius'),
('61','eius'),
('95','eius'),
('56','enim'),
('89','error'),
('6','esse'),
('92','est'),
('1','et'),
('93','et'),
('27','exercitationem'),
('96','explicabo'),
('42','fuga'),
('22','fugit'),
('3','id'),
('52','id'),
('9','inventore'),
('98','inventore'),
('99','inventore'),
('46','ipsum'),
('73','labore'),
('25','laborum'),
('86','laborum'),
('8','laudantium'),
('38','libero'),
('16','maiores'),
('48','maiores'),
('74','maxime'),
('68','nam'),
('13','nemo'),
('79','non'),
('83','nulla'),
('88','nulla'),
('35','omnis'),
('26','pariatur'),
('71','pariatur'),
('64','porro'),
('85','porro'),
('10','possimus'),
('18','possimus'),
('43','praesentium'),
('24','qui'),
('72','qui'),
('90','qui'),
('36','quia'),
('14','quibusdam'),
('2','quis'),
('5','quod'),
('66','quos'),
('78','quos'),
('60','rem'),
('28','repellat'),
('59','repudiandae'),
('91','rerum'),
('7','sequi'),
('37','sequi'),
('62','sit'),
('94','sit'),
('47','soluta'),
('33','sunt'),
('44','sunt'),
('50','sunt'),
('84','tempora'),
('19','unde'),
('29','unde'),
('11','ut'),
('70','ut'),
('100','ut'),
('20','velit'),
('49','velit'),
('87','veniam'),
('82','veritatis'),
('57','vero'),
('55','voluptas'),
('21','voluptatem'),
('63','voluptatem'); 


DROP TABLE IF EXISTS `friend_requests`;
CREATE TABLE `friend_requests` (
  `initiator_user_id` bigint(20) unsigned NOT NULL,
  `target_user_id` bigint(20) unsigned NOT NULL,
  `status` enum('requested','approved','unfriended','declined') COLLATE utf8_unicode_ci DEFAULT NULL,
  `requested_at` datetime DEFAULT current_timestamp(),
  `confirmed_at` datetime DEFAULT NULL,
  PRIMARY KEY (`initiator_user_id`,`target_user_id`),
  KEY `initiator_user_id` (`initiator_user_id`),
  KEY `target_user_id` (`target_user_id`),
  CONSTRAINT `friend_requests_ibfk_1` FOREIGN KEY (`initiator_user_id`) REFERENCES `users` (`id`),
  CONSTRAINT `friend_requests_ibfk_2` FOREIGN KEY (`target_user_id`) REFERENCES `users` (`id`)
) ENGINE=InnoDB DEFAULT CHARSET=utf8 COLLATE=utf8_unicode_ci;

INSERT INTO `friend_requests` VALUES ('1','1','declined','1983-08-25 14:42:20','2011-07-26 09:05:30'),
('2','2','unfriended','1970-02-17 22:54:43','2008-10-09 03:25:52'),
('3','3','requested','2012-09-26 05:29:38','1996-03-19 03:20:26'),
('4','4','declined','2005-02-28 22:24:38','2005-12-02 06:35:22'),
('5','5','approved','1988-04-23 02:18:56','2010-11-10 09:46:26'),
('6','6','requested','2009-09-06 22:24:36','2002-10-02 14:53:01'),
('7','7','declined','2016-01-25 04:01:02','1991-05-06 18:58:45'),
('8','8','unfriended','1975-07-07 08:00:52','1988-02-04 17:24:44'),
('9','9','unfriended','1983-04-15 23:00:18','1995-07-06 16:43:12'),
('10','10','requested','2007-02-13 11:37:52','2007-10-08 17:00:40'),
('11','11','unfriended','2006-12-27 10:35:03','2014-07-15 21:06:22'),
('12','12','unfriended','2014-10-30 01:17:53','2014-08-15 16:38:38'),
('13','13','approved','1973-08-24 12:55:42','2007-10-18 19:14:52'),
('14','14','declined','1999-06-17 01:15:59','1997-05-17 19:05:33'),
('15','15','approved','1996-02-12 05:26:45','1975-07-20 21:17:06'),
('16','16','unfriended','1983-07-16 12:02:25','1988-03-07 20:45:42'),
('17','17','requested','1981-03-06 14:14:18','2005-08-02 16:14:39'),
('18','18','approved','1997-03-03 19:09:48','2004-09-23 09:16:20'),
('19','19','approved','1983-11-04 04:47:07','1985-11-05 21:06:29'),
('20','20','declined','1974-09-06 23:59:52','1999-09-24 07:45:23'),
('21','21','requested','1980-02-12 02:26:27','1982-01-12 11:25:15'),
('22','22','requested','1976-03-09 08:25:40','1981-09-24 12:49:10'),
('23','23','requested','1983-01-02 04:57:30','2015-11-23 21:31:54'),
('24','24','approved','2008-10-12 06:03:50','2006-03-31 00:03:24'),
('25','25','declined','1996-04-09 07:13:45','1979-05-07 07:50:21'),
('26','26','declined','1993-02-05 06:25:55','1993-07-03 19:40:17'),
('27','27','declined','2012-09-13 05:42:36','1972-02-05 10:32:08'),
('28','28','requested','2012-08-21 02:53:01','1984-01-09 10:47:53'),
('29','29','declined','1999-01-27 13:27:46','1996-07-15 16:38:14'),
('30','30','declined','1995-09-29 11:28:46','2001-03-09 04:07:12'),
('31','31','requested','1971-08-29 00:25:20','1986-05-15 21:21:49'),
('32','32','requested','1972-04-20 22:54:05','1989-08-22 03:57:28'),
('33','33','requested','2001-03-26 00:12:43','2013-09-28 06:39:40'),
('34','34','approved','1984-01-28 02:02:26','2000-06-13 13:43:29'),
('35','35','unfriended','1985-02-14 06:47:08','1983-07-27 09:55:10'),
('36','36','approved','2005-02-11 15:37:43','2011-09-05 10:15:04'),
('37','37','approved','1970-12-17 20:46:19','1992-08-08 02:12:31'),
('38','38','unfriended','2014-09-16 16:42:44','1981-03-25 00:00:40'),
('39','39','declined','1994-06-11 00:45:27','1989-11-10 07:58:50'),
('40','40','declined','2018-04-01 21:35:10','1997-04-08 22:50:20'),
('41','41','approved','1981-09-18 02:05:40','1977-08-14 09:27:21'),
('42','42','unfriended','2011-12-10 18:00:09','1984-06-04 00:20:58'),
('43','43','unfriended','2009-04-11 19:37:08','2003-05-26 09:52:28'),
('44','44','unfriended','1994-02-08 09:32:20','2007-05-17 04:30:04'),
('45','45','requested','1999-02-16 04:47:55','2002-05-25 15:25:02'),
('46','46','declined','1973-02-26 13:50:28','2019-04-30 02:35:39'),
('47','47','requested','2011-11-07 17:59:06','2001-02-23 07:05:51'),
('48','48','approved','1995-01-26 06:46:12','1991-11-30 20:32:46'),
('49','49','unfriended','1991-05-27 14:27:00','2003-11-21 21:52:26'),
('50','50','requested','2014-10-08 17:11:12','1980-05-25 05:15:43'),
('51','51','approved','2003-08-18 02:11:14','1980-06-25 22:36:10'),
('52','52','requested','1995-04-19 14:41:18','1993-12-28 17:49:07'),
('53','53','requested','1980-11-05 07:17:30','1977-07-24 18:58:08'),
('54','54','declined','2005-08-12 10:16:11','1989-11-27 08:05:57'),
('55','55','unfriended','2005-04-24 21:52:26','1985-07-11 17:31:32'),
('56','56','approved','1987-11-01 02:03:58','2013-04-26 23:14:42'),
('57','57','requested','1989-08-30 06:16:33','1996-10-31 05:56:28'),
('58','58','unfriended','1985-08-26 11:43:32','2019-08-14 16:27:55'),
('59','59','requested','2016-10-19 22:02:13','1972-09-09 00:40:29'),
('60','60','approved','1982-06-09 00:43:58','2000-05-31 11:51:28'),
('61','61','unfriended','1970-02-17 13:48:59','1972-08-18 04:55:33'),
('62','62','unfriended','2012-08-08 21:18:13','1995-06-02 06:10:05'),
('63','63','requested','2004-02-28 17:00:55','1974-02-16 19:22:56'),
('64','64','requested','2017-06-18 03:39:42','1998-09-01 10:25:25'),
('65','65','declined','2004-07-04 00:11:19','2019-04-21 19:56:36'),
('66','66','declined','1994-08-30 20:17:09','2003-05-19 03:18:34'),
('67','67','unfriended','2003-12-05 20:17:58','1973-12-01 23:58:21'),
('68','68','requested','1980-05-26 23:35:11','1984-02-25 21:25:16'),
('69','69','declined','2015-03-14 04:18:41','1976-08-16 20:30:48'),
('70','70','approved','1973-04-08 01:15:46','2008-08-29 09:22:03'),
('71','71','unfriended','2007-03-27 03:01:38','2011-04-10 10:18:22'),
('72','72','declined','1986-11-28 00:39:05','1971-12-19 00:07:29'),
('73','73','declined','1985-01-05 23:58:28','2000-07-11 04:29:07'),
('74','74','approved','1999-11-03 21:12:19','1983-07-31 21:01:00'),
('75','75','approved','1975-05-14 12:53:59','1971-11-06 08:21:11'),
('76','76','approved','2002-11-20 22:55:09','2003-02-15 18:29:23'),
('77','77','approved','2010-02-01 02:00:45','1998-11-01 01:56:16'),
('78','78','requested','1995-03-12 17:32:00','1980-12-31 17:33:54'),
('79','79','unfriended','2016-12-27 10:17:24','2006-11-20 18:05:26'),
('80','80','approved','1971-09-07 07:00:30','2004-01-12 01:30:44'),
('81','81','declined','2012-12-16 10:39:08','1999-11-21 22:14:31'),
('82','82','approved','1998-10-20 23:46:16','1972-05-02 12:46:11'),
('83','83','requested','1999-10-06 12:39:54','1978-01-17 06:28:49'),
('84','84','declined','1991-08-12 10:23:54','1978-03-27 16:42:47'),
('85','85','approved','2017-11-30 01:06:07','2017-05-13 18:19:29'),
('86','86','requested','1987-02-16 23:05:59','1982-08-05 09:08:14'),
('87','87','approved','2009-11-13 07:48:39','2000-11-11 04:03:21'),
('88','88','declined','2017-04-21 14:27:43','2008-05-03 07:32:49'),
('89','89','declined','1972-09-08 01:15:07','2012-12-12 17:34:49'),
('90','90','unfriended','2000-09-21 00:36:47','1972-08-18 18:09:09'),
('91','91','unfriended','1988-08-14 12:09:22','1987-02-16 22:12:53'),
('92','92','requested','1980-12-23 10:02:21','1973-03-19 05:35:36'),
('93','93','approved','2006-01-20 17:31:31','2013-06-25 15:29:18'),
('94','94','requested','2014-05-19 22:13:10','1978-09-27 15:11:54'),
('95','95','unfriended','2003-06-24 20:38:41','2005-08-11 07:51:01'),
('96','96','declined','1982-01-05 02:29:46','2015-06-16 17:57:39'),
('97','97','unfriended','1973-12-27 18:58:45','1970-07-22 07:34:44'),
('98','98','requested','1993-02-06 22:36:11','2013-07-06 12:06:26'),
('99','99','approved','1995-12-12 09:29:53','1984-04-18 07:49:44'),
('100','100','declined','1995-05-18 07:59:39','1971-03-11 09:44:34'); 


DROP TABLE IF EXISTS `likes`;
CREATE TABLE `likes` (
  `id` bigint(20) unsigned NOT NULL AUTO_INCREMENT,
  `user_id` bigint(20) unsigned NOT NULL,
  `media_id` bigint(20) unsigned NOT NULL,
  `created_at` datetime DEFAULT current_timestamp(),
  PRIMARY KEY (`id`)
) ENGINE=InnoDB AUTO_INCREMENT=101 DEFAULT CHARSET=utf8 COLLATE=utf8_unicode_ci;

INSERT INTO `likes` VALUES ('1','1','1','1982-08-05 18:52:18'),
('2','2','2','2018-06-21 07:11:51'),
('3','3','3','1979-12-07 14:32:35'),
('4','4','4','2002-09-27 15:17:59'),
('5','5','5','2011-09-05 15:12:08'),
('6','6','6','2008-06-09 15:43:33'),
('7','7','7','1981-12-05 16:09:44'),
('8','8','8','1989-02-08 19:52:57'),
('9','9','9','1977-08-26 12:31:57'),
('10','10','10','1971-03-09 07:18:50'),
('11','11','11','1997-07-25 15:34:01'),
('12','12','12','1987-02-24 08:39:26'),
('13','13','13','1996-02-20 09:00:33'),
('14','14','14','2011-03-01 00:32:49'),
('15','15','15','1977-05-16 04:20:48'),
('16','16','16','2016-03-07 01:37:29'),
('17','17','17','1985-06-11 18:49:14'),
('18','18','18','1988-03-08 21:49:57'),
('19','19','19','2009-07-27 08:22:00'),
('20','20','20','1999-05-10 04:07:57'),
('21','21','21','1972-01-22 16:14:06'),
('22','22','22','2000-03-01 08:06:07'),
('23','23','23','1984-01-08 06:02:03'),
('24','24','24','1984-05-13 22:01:46'),
('25','25','25','1977-01-25 21:51:04'),
('26','26','26','1989-07-24 10:13:06'),
('27','27','27','1986-12-18 20:49:40'),
('28','28','28','2003-11-22 11:43:27'),
('29','29','29','2017-05-02 05:10:07'),
('30','30','30','1974-10-22 12:54:00'),
('31','31','31','1974-11-10 11:02:26'),
('32','32','32','1997-03-17 00:05:43'),
('33','33','33','2005-05-20 07:31:07'),
('34','34','34','1978-06-03 19:19:36'),
('35','35','35','2013-08-10 22:55:08'),
('36','36','36','1971-11-24 07:15:23'),
('37','37','37','1997-12-25 21:46:18'),
('38','38','38','1999-05-16 03:07:12'),
('39','39','39','2012-08-09 01:18:47'),
('40','40','40','1989-02-13 17:09:31'),
('41','41','41','1973-02-19 20:36:30'),
('42','42','42','1972-12-28 21:21:06'),
('43','43','43','1992-05-11 03:37:15'),
('44','44','44','1987-01-09 07:41:14'),
('45','45','45','1974-10-14 13:56:41'),
('46','46','46','2002-10-17 21:32:28'),
('47','47','47','2011-09-04 00:46:51'),
('48','48','48','1972-04-27 01:00:31'),
('49','49','49','1975-07-26 03:14:52'),
('50','50','50','2009-10-16 23:23:53'),
('51','51','51','2012-11-11 11:35:48'),
('52','52','52','1970-04-07 15:01:59'),
('53','53','53','1974-12-17 09:38:35'),
('54','54','54','2011-01-06 21:43:18'),
('55','55','55','2005-08-29 21:02:36'),
('56','56','56','2017-11-12 17:21:41'),
('57','57','57','1973-02-16 11:33:09'),
('58','58','58','2006-09-12 23:58:00'),
('59','59','59','2001-01-29 05:37:26'),
('60','60','60','2008-09-01 11:47:54'),
('61','61','61','2004-04-18 21:41:49'),
('62','62','62','1978-12-03 16:03:43'),
('63','63','63','1972-06-02 15:05:36'),
('64','64','64','2012-06-01 22:27:36'),
('65','65','65','1983-10-15 11:32:40'),
('66','66','66','1970-02-23 05:34:47'),
('67','67','67','1995-07-22 22:16:31'),
('68','68','68','2005-07-22 12:29:37'),
('69','69','69','1977-12-11 03:45:30'),
('70','70','70','1982-07-26 23:50:42'),
('71','71','71','1994-12-05 21:38:14'),
('72','72','72','2011-03-27 05:05:09'),
('73','73','73','2006-10-23 19:14:21'),
('74','74','74','2011-09-06 01:50:27'),
('75','75','75','1974-04-11 03:11:55'),
('76','76','76','1993-03-03 20:23:09'),
('77','77','77','2014-05-07 02:45:31'),
('78','78','78','1970-08-02 08:53:29'),
('79','79','79','1982-01-09 15:22:23'),
('80','80','80','1974-06-15 08:07:34'),
('81','81','81','1992-10-12 14:52:26'),
('82','82','82','2018-01-01 13:41:16'),
('83','83','83','1977-05-03 19:40:25'),
('84','84','84','2017-01-03 08:04:54'),
('85','85','85','2001-05-12 06:55:50'),
('86','86','86','2012-10-11 06:36:54'),
('87','87','87','1996-07-06 06:05:20'),
('88','88','88','2011-08-10 18:28:45'),
('89','89','89','2000-01-20 15:41:56'),
('90','90','90','1975-06-12 09:48:54'),
('91','91','91','2014-10-05 22:33:42'),
('92','92','92','1975-06-11 05:48:53'),
('93','93','93','2001-08-26 00:54:51'),
('94','94','94','1996-04-29 00:07:23'),
('95','95','95','2016-03-28 00:53:41'),
('96','96','96','2014-03-01 22:17:14'),
('97','97','97','1994-03-07 04:38:07'),
('98','98','98','2012-03-20 19:23:27'),
('99','99','99','2012-01-18 01:55:50'),
('100','100','100','1971-01-31 23:57:54'); 


DROP TABLE IF EXISTS `media`;
CREATE TABLE `media` (
  `id` bigint(20) unsigned NOT NULL AUTO_INCREMENT,
  `media_type_id` bigint(20) unsigned NOT NULL,
  `user_id` bigint(20) unsigned NOT NULL,
  `body` text COLLATE utf8_unicode_ci DEFAULT NULL,
  `filename` varchar(255) COLLATE utf8_unicode_ci DEFAULT NULL,
  `size` int(11) DEFAULT NULL,
  `metadata` longtext CHARACTER SET utf8mb4 COLLATE utf8mb4_bin DEFAULT NULL,
  `created_at` datetime DEFAULT current_timestamp(),
  `updated_at` datetime DEFAULT current_timestamp() ON UPDATE current_timestamp(),
  PRIMARY KEY (`id`),
  KEY `user_id` (`user_id`),
  KEY `media_type_id` (`media_type_id`),
  CONSTRAINT `media_ibfk_1` FOREIGN KEY (`user_id`) REFERENCES `users` (`id`),
  CONSTRAINT `media_ibfk_2` FOREIGN KEY (`media_type_id`) REFERENCES `media_types` (`id`)
) ENGINE=InnoDB AUTO_INCREMENT=101 DEFAULT CHARSET=utf8 COLLATE=utf8_unicode_ci;

INSERT INTO `media` VALUES ('1','1','1','Deleniti sapiente impedit iste debitis aut officia. Fuga voluptatem sint et omnis autem harum a. Error in voluptatum et error quas.','voluptas','25133496',NULL,'1971-12-02 21:49:20','1984-11-13 10:01:48'),
('2','2','2','Error et eos autem quas. Nihil et et reiciendis facere tenetur est illum. Quia quae reprehenderit provident quidem. Provident aut veritatis eos et autem est vel rem.','id','26656',NULL,'1989-09-22 04:37:04','2006-01-07 00:47:25'),
('3','3','3','Fuga rem dolor mollitia deserunt numquam pariatur. Minus molestiae tenetur eveniet molestiae.','ab','238525',NULL,'2013-10-03 04:42:12','2015-01-28 13:08:03'),
('4','4','4','Autem sunt ea atque est itaque ipsum. Consequatur et est corrupti. Voluptas magni et nihil et delectus ipsum. Doloremque voluptas modi quos inventore.','et','0',NULL,'2011-01-26 10:37:34','1981-07-09 04:51:39'),
('5','5','5','In iste sapiente maiores voluptatem et. Quia sed facere provident eum.','nihil','9401482',NULL,'1973-09-15 19:56:15','1974-12-06 03:25:50'),
('6','1','6','Aut voluptatem et quia aut fuga accusantium. Voluptates voluptates inventore aut quas sit nihil nihil perferendis. Dicta rerum et maxime expedita dolor laudantium dolorum.','quos','0',NULL,'1997-10-28 03:27:15','2015-09-25 03:23:12'),
('7','2','7','Et et in tempora enim. Sint sed ut tempore dolore hic. Quia ullam ut doloremque veniam et. Nesciunt officia perferendis maiores consequuntur.','provident','838',NULL,'2008-02-28 21:43:30','1987-05-05 05:21:05'),
('8','3','8','Omnis aspernatur nisi aut vel. Nisi quasi sit consectetur quos.','animi','422336',NULL,'2008-04-05 05:54:29','2000-10-17 13:34:45'),
('9','4','9','Similique laudantium consequatur tenetur est neque maxime et. Dolores et asperiores eligendi voluptates quos non qui consequatur. Laudantium sed repellat possimus possimus. Cumque est accusantium at.','voluptates','3',NULL,'1989-10-10 15:37:16','1997-07-02 04:02:56'),
('10','5','10','Earum autem est vel fugiat eos. Sit ipsum et est sit consequuntur soluta. Error maiores ut distinctio deleniti voluptatum soluta est id.','est','435',NULL,'1977-05-30 14:28:33','2013-05-05 22:43:00'),
('11','1','11','Reprehenderit error placeat sint ipsa eveniet quia. Doloremque veniam molestiae sint iusto numquam nemo. Nihil maxime minus quod nobis corrupti.','deleniti','5',NULL,'2017-08-26 07:10:11','1981-07-02 22:28:23'),
('12','2','12','Soluta et eos sequi id libero. Nihil qui natus quis vero in dolorem suscipit. Porro accusamus necessitatibus occaecati provident voluptas delectus.','eum','85351181',NULL,'2008-08-08 07:02:53','1985-10-09 09:45:47'),
('13','3','13','Repudiandae sit architecto veritatis dolor provident sit. Veritatis nulla eos dolor iusto quia distinctio perspiciatis. Debitis nihil animi sed aliquid nihil voluptas consectetur ullam. Nisi pariatur repudiandae quia.','fuga','794',NULL,'1976-06-04 12:24:39','1983-09-04 01:58:43'),
('14','4','14','Dolores rerum assumenda sit mollitia ullam qui consequuntur dolor. Non eligendi iste beatae vitae.','ducimus','202539',NULL,'2014-07-18 12:25:59','2018-04-18 13:16:49'),
('15','5','15','Aspernatur non nulla sit dolorem mollitia. Aut sapiente quidem vel illum deserunt dicta. Omnis aut optio quidem voluptas vitae placeat rerum.','incidunt','0',NULL,'2018-12-01 13:39:08','1972-06-15 07:44:34'),
('16','1','16','Iusto iure in fugit qui pariatur autem eos. Ut est occaecati ut voluptas vel. Amet rem nam maiores omnis et in et et. Necessitatibus laudantium amet et cum dolorum tenetur ipsa dolorem.','accusantium','22780',NULL,'2007-08-05 07:55:55','2014-12-17 01:57:39'),
('17','2','17','Sed aut odit corrupti consequatur consequatur sit. Dolore facere repudiandae odit labore ullam et. Velit ut harum dolorem aut.','laborum','32321887',NULL,'2000-02-06 07:00:50','1997-05-18 21:38:29'),
('18','3','18','Fugit quisquam sed enim ipsam accusantium. Amet pariatur illum assumenda. Distinctio ullam quae quibusdam.','et','98',NULL,'1986-11-27 16:22:16','1992-10-19 02:24:12'),
('19','4','19','Similique est repellendus dolor qui fugit. Eaque natus modi necessitatibus atque omnis autem. Libero rem eius praesentium quod consequatur sit ut.','voluptatem','8801496',NULL,'1975-08-31 22:43:49','1987-02-18 22:29:21'),
('20','5','20','Reiciendis adipisci assumenda qui porro iusto sed beatae. Voluptatum consequuntur maxime occaecati omnis eos. Pariatur explicabo eius repudiandae.','qui','23579',NULL,'1990-06-16 08:30:46','1995-03-04 18:23:12'),
('21','1','21','Consectetur et ea veniam repellat. Accusamus id illo maxime distinctio eius cupiditate. Sint ut ut eius. Est porro aut explicabo nemo quos dolorum.','impedit','93',NULL,'2007-04-16 13:57:41','1972-11-30 19:25:50'),
('22','2','22','Voluptatem eos veniam omnis iste ratione. Architecto laborum dolores omnis exercitationem asperiores accusantium minus. Sunt dolore pariatur sit nesciunt sequi et.','dolorem','829525719',NULL,'2015-10-14 14:55:25','2014-05-29 18:39:11'),
('23','3','23','Minus debitis omnis nisi perferendis amet quasi. Dolor aut modi omnis doloribus. Similique consequatur itaque aut deserunt.','fugiat','5720',NULL,'2009-04-15 16:29:27','1975-10-26 03:33:00'),
('24','4','24','Fuga architecto voluptas iure consequatur. Et molestias aut pariatur vel porro eum totam inventore. Ipsa explicabo error tenetur et sequi.','aliquam','0',NULL,'1994-12-14 10:40:19','1985-09-14 21:06:33'),
('25','5','25','Repellendus deleniti et qui et. Minus tenetur sed ratione illum sed eos. Eius fuga sit dolorem natus et.','minus','25397683',NULL,'1989-04-20 19:55:58','1976-04-08 19:55:30'),
('26','1','26','Et ut rerum explicabo qui laboriosam nihil et. Et iure recusandae ab quasi ut animi. Nobis perspiciatis repudiandae suscipit officiis.','totam','792035',NULL,'1979-01-05 19:54:38','1982-10-27 04:16:13'),
('27','2','27','Ut neque aperiam qui eos occaecati quisquam. Quod velit natus illum quaerat corporis sed inventore quisquam. Fugiat porro sit voluptas dolorum minus. Quibusdam omnis et nesciunt.','consequatur','0',NULL,'2016-04-09 00:55:54','2006-09-05 14:03:44'),
('28','3','28','Deserunt similique voluptates consectetur illo. Quibusdam ipsa rerum sunt nobis consequuntur. Quis illo et quia vero unde. Quidem magnam sit odit harum reiciendis. Rerum totam itaque deserunt hic error debitis consequuntur.','vel','392902',NULL,'2006-05-06 05:47:04','1985-11-29 04:13:53'),
('29','4','29','Quibusdam sunt nesciunt quidem iusto dolorum fugit. Tempora et facilis voluptas aut voluptatum. Ut cumque eum nesciunt qui qui.','aliquid','73641',NULL,'1999-02-01 03:47:18','1998-03-12 12:23:41'),
('30','5','30','Dignissimos optio maxime nihil magnam nobis in quas quia. Optio nemo velit accusamus aliquid.','enim','0',NULL,'1979-05-03 10:47:47','2009-11-17 20:59:20'),
('31','1','31','Iure aliquid ut cupiditate eaque tempore culpa quod. Consequatur sit accusamus a voluptatem mollitia. Incidunt voluptas sint vitae corporis eius.','dolor','60',NULL,'1991-09-17 17:32:36','2012-07-27 23:52:10'),
('32','2','32','Magni ab ut officia nemo ratione sit consequatur. Ea ipsa blanditiis voluptatum eveniet velit id nobis eum. Ipsum ut delectus qui aperiam facere. Qui et officia fugiat corrupti.','perspiciatis','9985',NULL,'1985-03-06 18:56:13','2015-05-25 00:14:25'),
('33','3','33','Impedit numquam minima dolore magnam dolores quia expedita. Voluptatem officiis nihil molestias dolor voluptate veritatis incidunt. Cumque non reprehenderit animi animi quibusdam.','animi','657129158',NULL,'2009-01-01 13:04:29','2002-02-12 18:07:51'),
('34','4','34','Id voluptas repellat mollitia quod. Reprehenderit cumque est qui quia. Laborum nam deserunt dolorem repellat neque enim earum voluptatem.','non','41172240',NULL,'2014-09-27 03:51:53','2016-05-03 01:28:55'),
('35','5','35','Sint sunt quae nisi tempore deserunt rem minus. Repudiandae et reprehenderit et voluptatem temporibus ut sit. Similique iste facere qui ad.','aut','279',NULL,'1989-10-12 18:37:38','1970-11-27 12:54:19'),
('36','1','36','Et sint accusamus aliquam aspernatur earum quia. Eum ut aut aut aut assumenda eos. Sint et quidem quasi cupiditate autem.','quasi','255491',NULL,'1988-11-17 17:04:19','1973-03-12 08:10:35'),
('37','2','37','Perferendis ut cupiditate ut quae veniam nesciunt exercitationem. Ut a dolor autem nobis id qui. Maxime enim enim incidunt.','similique','62594529',NULL,'2014-12-21 00:46:10','2004-12-10 07:41:23'),
('38','3','38','Deleniti tenetur excepturi consectetur ipsum minus. Voluptatem sed iusto delectus ut sit. Cupiditate commodi accusamus exercitationem totam velit beatae. Quia est dignissimos quos. Adipisci deserunt asperiores blanditiis quo earum pariatur voluptatem.','ducimus','9',NULL,'1984-10-14 11:14:38','2019-01-21 13:12:39'),
('39','4','39','At quia eaque facilis voluptatem asperiores. Rem omnis beatae enim rerum qui dolores. Ad voluptate commodi deserunt aut ut. Vel exercitationem et reprehenderit unde.','totam','0',NULL,'1978-08-15 04:31:17','2013-07-07 15:51:13'),
('40','5','40','Enim voluptas voluptas voluptates iusto earum. Consequatur aut officiis sint tempore fugit qui repudiandae. Qui aut enim iusto consequatur. Ullam delectus et sequi odio aut voluptates et.','quia','928882850',NULL,'2015-01-04 09:27:10','1996-02-11 19:03:21'),
('41','1','41','Officiis voluptatem tenetur cum adipisci. Ut non excepturi perferendis. Porro ut dolore quibusdam laudantium perferendis animi.','illum','89189',NULL,'1980-05-12 19:56:40','2004-08-08 20:00:30'),
('42','2','42','Voluptatem repellendus magni quidem repellendus est labore. Atque voluptatum incidunt laboriosam et asperiores fugiat quia. Aspernatur neque reprehenderit nisi dolore officia.','nihil','4259708',NULL,'2002-09-07 23:33:57','2013-03-16 03:31:17'),
('43','3','43','Consequatur iste rerum maiores veritatis. Fugiat voluptatem explicabo qui minima quo quaerat vel velit. Voluptates consectetur natus iste occaecati quis impedit. Molestiae voluptatem ab hic iure aut nisi porro.','repellendus','74',NULL,'1986-03-26 06:15:57','2004-02-26 01:56:33'),
('44','4','44','Numquam nihil doloribus quo nostrum quasi sint odit. Fugiat corporis nam blanditiis. Aliquid aperiam rerum voluptatem eius. Ipsa quis veritatis ullam voluptas consequatur.','neque','3197',NULL,'1995-01-26 15:38:49','1986-07-19 20:34:00'),
('45','5','45','Architecto rem nihil qui ut inventore placeat. Ratione voluptatem dolorem a iusto reprehenderit et. Id provident et aut assumenda quas aut omnis.','occaecati','62775',NULL,'1999-04-05 02:22:12','2014-08-05 03:32:38'),
('46','1','46','Ut earum esse amet velit qui quis blanditiis. Reiciendis consequatur dignissimos autem et sunt quia. Repudiandae mollitia rem error ut culpa. Dicta illum accusamus quisquam expedita fugiat.','officiis','0',NULL,'1999-01-11 10:07:15','1986-07-16 15:21:11'),
('47','2','47','Et deleniti et facere repellendus aut omnis enim reiciendis. Rerum dolorum eos porro omnis aut.','exercitationem','0',NULL,'2018-10-28 08:58:58','1982-06-20 09:16:27'),
('48','3','48','Blanditiis dolore dolor accusamus voluptas sit. Perferendis molestiae veritatis saepe nemo. Quia sapiente et et perferendis nobis iure.','cum','343080',NULL,'1995-05-01 08:14:56','2007-01-10 21:55:49'),
('49','4','49','Omnis enim facere sed aut nisi. Fugiat aperiam nostrum nihil cum porro molestias. Quasi et consequatur ea ab in qui ut. Soluta totam fuga deserunt est sed.','repellat','5876172',NULL,'2017-05-15 08:57:30','1990-05-30 02:59:03'),
('50','5','50','Eligendi quia recusandae excepturi aut aut aliquam. Error ipsum qui est et voluptatem dicta nihil quia. Quia et sed earum voluptates beatae. Incidunt officia aut veniam nostrum.','quaerat','466',NULL,'2017-08-31 10:05:03','2006-07-12 01:33:23'),
('51','1','51','Possimus aut aut fugit voluptatum voluptates. Aut ut harum voluptate culpa provident. Omnis provident consectetur repudiandae soluta et. Illo quidem qui molestiae possimus corporis sunt enim. Consequuntur doloribus possimus sapiente molestiae quos iure fugiat.','nisi','0',NULL,'2007-07-26 00:22:15','1986-01-31 21:47:20'),
('52','2','52','Laborum omnis unde et dolor porro mollitia quo. Et cupiditate rerum quidem saepe sit. Laboriosam et quo et mollitia. Hic ut quo ipsum sed magnam non.','officiis','148',NULL,'2009-01-06 14:00:45','1983-01-06 21:40:16'),
('53','3','53','Aut quod hic harum sed sed nobis. Non quam iste debitis nihil nobis praesentium et. Et maxime perferendis ea est illum velit.','est','59',NULL,'2019-06-03 15:30:57','2018-03-07 03:54:58'),
('54','4','54','Nisi voluptatem et voluptatibus dolores. Et dolores quo tenetur debitis. Voluptatem qui commodi delectus accusamus. Accusantium fugiat sit qui sunt praesentium eos. Quidem occaecati et impedit nesciunt ea quia sapiente.','eaque','3557',NULL,'1983-08-24 01:36:01','1992-08-26 09:47:29'),
('55','5','55','Aperiam distinctio totam omnis quaerat est. Aut natus voluptas itaque ad. Incidunt officiis ea fuga numquam quas deserunt et. Modi laboriosam temporibus quia illum aspernatur eum libero ullam.','dolorem','87815',NULL,'1978-11-09 06:27:57','1975-12-28 21:35:10'),
('56','1','56','Omnis repellat qui voluptatem ut dolor. Sit totam nostrum provident aspernatur aut culpa. Eos harum officia consequatur magni.','necessitatibus','2580',NULL,'1997-09-24 06:18:23','1976-09-26 13:16:33'),
('57','2','57','Rerum quam incidunt fugiat suscipit veritatis natus rerum. Atque maiores nemo architecto voluptas et eligendi eum quidem. Neque sed iusto earum ullam animi et quos.','assumenda','9',NULL,'1998-03-29 13:12:21','1979-12-24 12:24:10'),
('58','3','58','Voluptatibus et quis et praesentium ut qui. Minima quibusdam explicabo molestiae sed dolorum deleniti necessitatibus qui. Pariatur assumenda deserunt aliquid molestias non et impedit et.','autem','6105',NULL,'1982-01-26 06:21:04','2008-12-14 00:30:53'),
('59','4','59','Nihil ab aut explicabo et odit nam aperiam dicta. Quia dignissimos iure molestiae aspernatur distinctio ut cupiditate eum. Nihil nisi libero eius minus assumenda beatae. Quo maxime at vitae provident qui expedita provident.','velit','1633',NULL,'2011-02-13 12:14:19','1998-10-09 11:26:41'),
('60','5','60','Dolorem aut debitis dolorem tempora reprehenderit quia. Dolore aut magnam asperiores ut enim quia. Aut dolorem perferendis assumenda at.','et','953617653',NULL,'2006-01-03 18:49:41','1998-07-28 09:14:00'),
('61','1','61','Hic omnis vel voluptatem pariatur quo qui. Quia aliquam vel deserunt et voluptatum est. Eos dolorem nihil nostrum soluta quam consequatur ut.','ab','19',NULL,'1979-02-26 01:04:58','1988-02-25 22:20:49'),
('62','2','62','Saepe occaecati quis quia omnis laborum fugit labore incidunt. Cupiditate sapiente ea et repudiandae deserunt velit cupiditate.','tempora','630812537',NULL,'1990-10-07 12:20:55','2016-08-03 11:23:34'),
('63','3','63','Delectus temporibus sed corporis cum. Iusto saepe mollitia voluptas ut voluptatem possimus est. Consectetur quis a debitis voluptatum.','dolor','27612',NULL,'2011-04-16 13:23:59','1989-02-22 07:49:52'),
('64','4','64','Omnis omnis est vitae et. Delectus voluptatem reprehenderit libero est porro enim suscipit. Perspiciatis explicabo et aut reprehenderit et debitis. Voluptates ut nobis asperiores et ducimus sunt.','quia','487736003',NULL,'2001-01-03 07:13:35','1996-05-30 01:39:10'),
('65','5','65','Qui eos ea facilis inventore omnis atque. Veritatis aut nihil nemo labore aut praesentium sit. Aliquam voluptas vel laboriosam aliquid.','optio','82',NULL,'2019-09-20 16:09:30','1998-05-31 10:01:34'),
('66','1','66','Doloremque quis tempore minus facilis numquam harum voluptatem. Maxime nam enim reprehenderit illum quis minus eaque. Tempore exercitationem occaecati voluptatem repudiandae odit excepturi autem. Architecto hic porro fuga ipsam laborum.','excepturi','0',NULL,'1986-11-15 18:32:18','2011-06-02 12:27:37'),
('67','2','67','Dolores enim et autem neque neque. Exercitationem blanditiis consequatur enim consequatur. Sit aliquam sit facere magnam voluptatem. Et pariatur eligendi et in qui doloribus.','odio','56766126',NULL,'1991-02-06 04:15:31','2019-01-18 16:02:14'),
('68','3','68','Est nemo qui beatae error voluptatem id. Nisi et molestiae possimus natus natus qui quae. Quod ipsa illum natus ipsam et vitae.','iure','3',NULL,'1972-05-14 04:03:15','1983-08-13 09:18:17'),
('69','4','69','Voluptas in eos consectetur eum aut aut. Commodi non nam nesciunt praesentium at aut. Natus eos sed molestiae vel autem. Accusamus ut quisquam autem laborum.','ut','392190',NULL,'1997-08-25 07:33:37','1993-08-29 23:09:48'),
('70','5','70','Fugit blanditiis illo aut sed voluptatem quia odit. Et pariatur rerum deserunt quia est hic voluptas. Omnis non dignissimos et nulla neque aliquam. Necessitatibus aut perspiciatis distinctio ad magni repellendus.','soluta','2330',NULL,'2004-04-27 19:59:17','2012-05-13 06:56:01'),
('71','1','71','Placeat doloribus nobis consectetur laudantium magnam error. Et laborum numquam hic optio.','pariatur','6984',NULL,'1982-05-17 12:08:32','2003-04-23 03:07:32'),
('72','2','72','Aspernatur quae atque error id suscipit facilis rerum. Provident minima dolore aut odit minus aut qui. Totam tempore quae voluptatum est et eligendi.','rerum','20',NULL,'1973-10-15 16:53:51','2005-06-06 15:29:11'),
('73','3','73','Sint ex in est dicta harum id. Dolorem voluptatibus officiis esse harum. Repellendus laborum tenetur vero. Culpa natus incidunt consequatur.','iusto','1619',NULL,'1983-09-18 05:46:50','1976-09-09 04:32:17'),
('74','4','74','Sint corporis quia deserunt et. Consequuntur est quae assumenda aut aut blanditiis odit. Nisi nobis et soluta ut iste ut odio.','ut','31928059',NULL,'2017-12-08 15:32:12','1973-10-19 09:11:49'),
('75','5','75','Voluptas mollitia autem veniam et corrupti voluptatem fugiat. Quo et repellendus ut rerum ipsam. Sed quia saepe enim architecto.','nam','37',NULL,'1986-12-22 10:38:20','2005-07-22 03:35:55'),
('76','1','76','Omnis porro repellat illum quo itaque aut. Similique numquam quia eius recusandae fugit occaecati. Voluptatem tenetur nulla nam qui voluptate atque ad quisquam. Est inventore soluta nesciunt laboriosam.','nihil','448945794',NULL,'1985-06-16 04:19:52','1979-10-19 10:39:02'),
('77','2','77','Sunt ut nihil sit provident ullam laborum modi quis. Ad voluptate quia id aut autem voluptas sint voluptas.','voluptas','79748',NULL,'2002-05-08 05:35:22','1978-04-26 10:38:20'),
('78','3','78','Sapiente ad exercitationem culpa iure nobis voluptatem dolor. Voluptates ea quo exercitationem non. Expedita ullam id voluptatibus sed sed error quidem.','minus','0',NULL,'1979-10-04 15:27:25','1970-02-25 09:41:55'),
('79','4','79','Quo aliquam quis et quasi necessitatibus repudiandae aperiam. Consequatur pariatur sunt velit vel et eaque animi. Voluptatem ipsa modi et et aliquam itaque. Ut perspiciatis aliquid hic at quae eos.','eveniet','437191',NULL,'1984-02-11 17:11:24','2002-08-15 21:42:04'),
('80','5','80','Amet rerum officiis in. Quisquam recusandae expedita consequatur qui. Ut et quaerat aut temporibus doloribus.','ad','4',NULL,'2006-09-07 02:26:57','1999-04-03 10:33:38'),
('81','1','81','Omnis sed et aut vel. Aperiam modi molestiae asperiores qui quo. Et reprehenderit a reiciendis rem ducimus quae.','voluptas','180274',NULL,'1993-04-05 09:21:59','1991-09-24 23:08:36'),
('82','2','82','Vel quia voluptatum aut nisi. Iure cupiditate nulla voluptas qui similique. Sapiente corrupti explicabo est deserunt repudiandae. Odit porro molestias ut voluptas accusamus laudantium iure. Veniam provident consequatur ex voluptatem aut omnis rerum exercitationem.','ut','786',NULL,'1987-03-22 22:58:39','2001-06-08 03:28:43'),
('83','3','83','Et delectus eos praesentium quas ipsam est. Sint doloribus architecto aut sit quos laudantium. Vel omnis voluptatum placeat autem ipsam facilis. Officia assumenda quisquam ut veritatis laboriosam doloremque mollitia.','harum','5245',NULL,'2007-08-15 06:11:41','1979-10-29 19:54:52'),
('84','4','84','Iusto et tempora suscipit nemo esse molestias reiciendis est. Pariatur exercitationem delectus quam voluptatibus. Qui cum neque quibusdam suscipit.','mollitia','750888247',NULL,'1978-07-17 14:02:59','2012-01-27 16:39:54'),
('85','5','85','Molestiae aliquam totam molestiae asperiores. Architecto praesentium quia iusto autem neque. Rerum et quo repellendus. Illum velit quos aliquid ipsa praesentium aut.','illo','11848',NULL,'2010-08-09 20:52:46','1981-09-13 18:33:07'),
('86','1','86','Dolorum sapiente eaque reiciendis voluptates nobis omnis accusantium. Ab ut porro cum ut sequi sed. Id voluptatibus dolor excepturi vero id porro ut.','eum','6748',NULL,'2007-08-06 19:03:38','1986-04-29 00:34:00'),
('87','2','87','Dignissimos sapiente unde enim porro animi asperiores quasi. Harum nulla sit quia quia.','et','87013014',NULL,'1998-03-10 04:56:56','1977-08-21 23:29:17'),
('88','3','88','Quisquam est qui tempore perferendis aut qui. Eos est ipsam consequatur quo voluptatum. Nostrum accusantium officia natus.','laudantium','59403',NULL,'2009-04-11 11:42:06','2012-03-12 00:49:17'),
('89','4','89','Et qui aut nostrum id ea mollitia. Quas consequatur autem officiis atque ipsam. Voluptatibus quidem in perferendis error vero aut quae. Aliquid veniam nihil consectetur.','aut','0',NULL,'1992-03-14 16:01:26','2007-02-06 21:04:39'),
('90','5','90','Aut sint dolor doloremque maxime et cupiditate architecto. Cupiditate in sed quo omnis minima repellendus. Voluptates qui qui ut.','in','3992',NULL,'2002-05-02 12:31:10','2016-04-16 20:01:40'),
('91','1','91','Non veritatis placeat ut quia voluptatem qui expedita explicabo. Ut et natus quia alias nostrum. Atque delectus animi voluptate nihil ut nostrum et aut. Libero rerum suscipit est corrupti fugiat labore quos.','adipisci','16146',NULL,'2007-10-16 19:07:41','2005-09-24 14:27:18'),
('92','2','92','Quisquam fuga quisquam sunt aliquam odit id at. Est totam hic commodi nam voluptates atque. Qui sint omnis ut similique quia quisquam officiis omnis.','repudiandae','303',NULL,'2016-01-13 13:27:09','1980-08-02 09:17:16'),
('93','3','93','Dolorem iste quod recusandae facilis sint fugit velit. Maxime nisi dolorem illo ullam perferendis voluptatem. Vel explicabo et dignissimos aut voluptatum debitis distinctio perferendis. Magni ipsum non quo fugit incidunt rerum voluptas.','deleniti','80413317',NULL,'1983-07-08 03:22:55','1988-09-15 07:25:42'),
('94','4','94','Voluptatem minima nam fuga cupiditate dolores quas quod. Sed quaerat est voluptatem consectetur. Quo libero repellendus ut temporibus tenetur consequuntur. Deleniti saepe voluptate voluptatem distinctio.','et','0',NULL,'1973-10-19 14:28:58','2000-11-09 13:19:52'),
('95','5','95','Laudantium voluptatem voluptas enim molestiae voluptas temporibus fuga. Nesciunt veniam molestiae et reiciendis voluptate. Quia voluptatem illum tempore nesciunt. Tenetur explicabo dicta enim quia.','rem','931',NULL,'2000-04-16 11:14:33','2015-02-21 01:43:58'),
('96','1','96','Dolores quam soluta id omnis. Qui suscipit labore numquam ea libero sunt. Alias et voluptate est molestiae hic provident. Tempore rem iusto non.','corporis','4',NULL,'2011-08-10 16:42:40','1989-11-04 02:20:27'),
('97','2','97','Sunt voluptas quis labore nesciunt ratione occaecati eum. Facere architecto reiciendis vel qui. Omnis labore impedit eveniet vel.','est','28',NULL,'1994-01-03 18:24:00','1984-05-23 21:03:57'),
('98','3','98','Voluptatem nostrum quisquam minima atque rerum distinctio in. Consequuntur deserunt recusandae aut ipsa ex eum. Nihil maiores fugit esse excepturi perspiciatis.','velit','0',NULL,'2018-05-23 09:21:39','2015-02-20 01:08:37'),
('99','4','99','Illo deleniti qui eligendi. Recusandae beatae sequi necessitatibus doloribus. Molestiae eos assumenda deserunt error corporis soluta qui. Id magni voluptatem deleniti laborum.','in','4875295',NULL,'2000-05-22 00:20:05','1987-02-06 08:45:14'),
('100','5','100','Animi et eveniet molestias consequatur rerum. Consequuntur natus suscipit excepturi quas. Eum quaerat hic neque perferendis.','veniam','503',NULL,'1985-08-21 10:12:20','1974-07-29 18:25:50'); 


DROP TABLE IF EXISTS `media_types`;
CREATE TABLE `media_types` (
  `id` bigint(20) unsigned NOT NULL AUTO_INCREMENT,
  `name` varchar(255) COLLATE utf8_unicode_ci DEFAULT NULL,
  `created_at` datetime DEFAULT current_timestamp(),
  `updated_at` datetime DEFAULT current_timestamp() ON UPDATE current_timestamp(),
  PRIMARY KEY (`id`)
) ENGINE=InnoDB AUTO_INCREMENT=6 DEFAULT CHARSET=utf8 COLLATE=utf8_unicode_ci;

INSERT INTO `media_types` VALUES ('1','sunt','2014-11-30 08:14:21','2007-07-06 20:45:08'),
('2','non','1981-07-05 10:21:30','1989-12-06 21:11:00'),
('3','ducimus','1985-01-31 00:28:21','1987-09-26 15:57:24'),
('4','provident','1996-09-17 02:51:59','1987-07-22 00:32:03'),
('5','dolorem','1982-06-18 21:52:44','1989-02-12 12:43:02'); 


DROP TABLE IF EXISTS `messages`;
CREATE TABLE `messages` (
  `id` bigint(20) unsigned NOT NULL AUTO_INCREMENT,
  `from_user_id` bigint(20) unsigned NOT NULL,
  `to_user_id` bigint(20) unsigned NOT NULL,
  `body` text COLLATE utf8_unicode_ci DEFAULT NULL,
  `created_at` datetime DEFAULT current_timestamp(),
  PRIMARY KEY (`id`),
  KEY `messages_from_user_id` (`from_user_id`),
  KEY `messages_to_user_id` (`to_user_id`),
  CONSTRAINT `messages_ibfk_1` FOREIGN KEY (`from_user_id`) REFERENCES `users` (`id`),
  CONSTRAINT `messages_ibfk_2` FOREIGN KEY (`to_user_id`) REFERENCES `users` (`id`)
) ENGINE=InnoDB AUTO_INCREMENT=101 DEFAULT CHARSET=utf8 COLLATE=utf8_unicode_ci;

INSERT INTO `messages` VALUES ('1','1','1','Est tempore possimus voluptate enim voluptatem quae aut fugit. Eius qui esse autem aperiam saepe voluptatem quod cumque.','1972-07-08 06:46:36'),
('2','2','2','Dolorum in rerum voluptatem praesentium omnis esse. Reiciendis quis rerum unde est impedit. Provident et nulla dolorem molestiae. Et vel nihil veniam veritatis soluta fugiat. Dignissimos accusantium dicta sint repudiandae.','1973-07-23 11:07:58'),
('3','3','3','Deserunt velit aperiam nostrum odio. Non at fugit incidunt qui est accusantium consectetur. Amet harum vel aut.','1986-04-23 17:16:38'),
('4','4','4','Voluptatum voluptatibus non occaecati possimus est eius repudiandae. Iste natus eius ab eveniet rem in. Occaecati sit consequatur nisi amet similique et quaerat. Iste fugiat est ducimus labore.','1979-06-05 11:01:32'),
('5','5','5','Distinctio placeat voluptatum assumenda. Fugiat sit adipisci ex. Provident magnam nulla libero ipsam quos quis sed est. Temporibus deleniti tempora unde autem.','2014-08-25 19:04:21'),
('6','6','6','Totam nisi quia et sed voluptates iusto voluptatum. Dolores sit sed voluptas rem voluptatum. Quam aut qui earum qui aut quia et.','1986-03-30 20:17:00'),
('7','7','7','Aut eaque ipsa voluptas itaque suscipit fuga veritatis itaque. Iure ut ratione ut ipsa sunt. Dolore odio alias repellat beatae iste.','1970-02-25 17:08:02'),
('8','8','8','Earum deserunt possimus occaecati. Libero eligendi ad qui ut asperiores quia. Aut nobis eligendi quae modi voluptatum.','1985-01-11 17:28:04'),
('9','9','9','Quia expedita sed libero aperiam deleniti. Ut quae nihil magni rerum sunt nobis. Ab sed velit aspernatur qui similique.','1978-08-20 13:05:31'),
('10','10','10','Non consequuntur provident animi consequatur expedita repellendus. Sint voluptatem nihil repellat qui saepe deleniti animi deleniti. Est quos mollitia amet incidunt.','1972-02-12 21:23:16'),
('11','11','11','Et in dolorem doloremque incidunt qui nisi. Esse laborum accusamus sed soluta. Aut voluptas at sed consequatur reprehenderit velit.','1976-04-28 12:51:29'),
('12','12','12','Corrupti et eveniet iste repellat rem enim. Aut ea perspiciatis et. Dolore incidunt suscipit quae rerum.','2017-08-21 14:39:01'),
('13','13','13','Occaecati qui quia laborum qui. Qui quo sit laborum voluptatum id hic nulla. Maiores vel et et.','2011-05-14 20:37:29'),
('14','14','14','Et nisi excepturi officia perspiciatis. Est voluptatem et quibusdam magnam enim. Qui consequatur labore quia ut ab consequatur animi. Repellendus nemo ipsum possimus eligendi reiciendis placeat.','1983-02-20 20:53:28'),
('15','15','15','Veritatis distinctio harum suscipit amet quis sit. Deserunt nemo cum corporis laboriosam corrupti perspiciatis laboriosam. Unde quia aut nesciunt quibusdam qui mollitia. Architecto quisquam vel ab reprehenderit beatae voluptate qui.','1989-10-25 14:18:10'),
('16','16','16','Accusantium quasi labore aut sed dolores. Esse veniam nihil velit quisquam nostrum voluptas fugiat. Rerum voluptatem voluptatem et provident nesciunt.','1982-09-25 12:29:39'),
('17','17','17','Iusto ex itaque eveniet sunt ullam rerum. Magnam dolor molestiae voluptatem corporis ea. Dolores facilis eveniet quia quia nam animi id itaque.','2012-07-08 16:47:15'),
('18','18','18','Et est blanditiis ipsum blanditiis. Tempora harum adipisci dolor asperiores. Magnam aut sunt asperiores dolores.','1979-08-12 00:46:58'),
('19','19','19','Consequuntur voluptatem omnis eos nesciunt eius. Velit quia sunt dolores unde cumque. Est maxime reiciendis perferendis fuga laudantium.','1999-01-08 20:32:11'),
('20','20','20','Doloribus temporibus exercitationem culpa qui aspernatur error quia. Repudiandae consequuntur dolorem nostrum et eligendi rerum. Perferendis velit corporis amet. Harum vel aut nihil nemo amet consequatur cupiditate.','2019-08-08 11:33:25'),
('21','21','21','Sit voluptates doloribus aliquid voluptas ipsum explicabo. Qui consequatur veritatis odit autem omnis cumque assumenda. Cum aspernatur dolorem et illo qui. Ex quis sint et.','1997-10-28 17:13:55'),
('22','22','22','Natus molestiae ab voluptatem nisi nostrum qui qui. Nihil soluta minima molestiae eum provident est.','1972-06-11 07:50:58'),
('23','23','23','Enim maiores ipsa nihil. Cumque maiores sed reiciendis praesentium sint molestias numquam. Error nulla error aut perferendis. Et et et amet itaque aliquid ut molestiae.','1975-01-16 02:27:05'),
('24','24','24','Sequi nostrum et saepe est vero optio et. Perspiciatis accusantium doloribus asperiores adipisci. Soluta quam in quae nemo sunt sed est illum. Aperiam nisi deleniti reiciendis omnis placeat blanditiis.','2007-09-03 17:52:00'),
('25','25','25','Ea quia aut eum quo in ad. Ex quos debitis quisquam qui unde quibusdam. Dignissimos rerum rem vitae quo. Amet ut iusto corporis facilis ut dolor veniam.','2015-09-12 13:22:10'),
('26','26','26','Voluptatem rerum sunt ad ut. Sequi fuga ad occaecati et nemo mollitia. Laudantium quisquam consequatur rerum ipsam ipsa doloribus.','1993-05-31 15:38:27'),
('27','27','27','Sapiente eos iste odit dolore temporibus quis delectus. Voluptatem qui et esse ullam maiores at. Dolore minus eum consequatur sunt est sit soluta.','1986-08-28 08:21:49'),
('28','28','28','Minus eaque ex soluta error et et. Maiores quo iste eum voluptas. Impedit vel nam repudiandae ea magnam.','1981-01-05 07:01:30'),
('29','29','29','Reprehenderit nulla vel et sed temporibus qui. Ex quidem sunt fugit aut. Provident laborum quisquam optio adipisci est at qui qui. Veniam ad consequuntur praesentium vel. Itaque deleniti rerum rerum amet nulla.','1989-02-16 06:46:09'),
('30','30','30','Itaque aperiam voluptatem laboriosam accusantium et laborum nam. Est est voluptas tenetur ut vero ducimus aperiam. Explicabo qui omnis perferendis harum in dolor. Quia nemo et quo provident sit corporis natus velit.','1989-01-30 11:01:34'),
('31','31','31','Eos est tenetur qui corporis sapiente tempore nisi. Recusandae possimus non voluptatem officia velit. Reprehenderit eos nemo sit necessitatibus.','1986-12-29 10:28:28'),
('32','32','32','Magnam hic occaecati aut tempora. Temporibus asperiores sint recusandae libero. Qui eos nihil quis fuga sed consequuntur.','2016-12-04 15:58:55'),
('33','33','33','Laudantium aut enim est. Consequatur ab libero similique quia. Molestiae nostrum enim numquam non amet.','1985-01-18 08:43:09'),
('34','34','34','Dolorum sed qui in impedit alias nemo qui. Amet minima rerum aspernatur optio maxime autem dicta. Nesciunt vel numquam ratione labore ut nostrum autem. Nobis minus nulla mollitia iste.','1989-11-14 02:03:58'),
('35','35','35','Corrupti ad nihil ut magni autem sint et. Tenetur doloremque aliquam molestias a quidem consequatur. Ut minima repellat aliquam deserunt aliquam. Quis tenetur aperiam accusamus odio repellat cumque est saepe. Quo asperiores numquam maiores natus.','1986-06-13 14:24:56'),
('36','36','36','Assumenda nostrum non natus et vel fuga provident. Et porro at accusantium quibusdam sed. Laborum ipsam ducimus et repellendus ipsum.','1977-05-31 21:26:43'),
('37','37','37','Quo voluptatem error et ducimus. Repellat praesentium beatae earum deleniti natus. Nulla earum iste et dolore amet. Nam excepturi ipsa aliquid quis odit.','2009-12-17 15:06:28'),
('38','38','38','Exercitationem unde aut ipsam vitae consequuntur. Et odit aut architecto rerum error. Consectetur praesentium doloribus voluptas porro quis. Consequuntur corrupti eligendi velit sit omnis qui.','1987-01-31 06:22:04'),
('39','39','39','Saepe quaerat quam nihil sit. Dolor accusamus eum sint aut ab. Nihil ad quia aut hic autem. Temporibus assumenda magnam et error sed quo ullam.','2003-04-22 10:29:15'),
('40','40','40','Est pariatur accusamus accusantium ut voluptate. Magnam dolore eveniet est. Fugiat aperiam error molestiae qui incidunt ut repudiandae.','1985-06-08 01:48:18'),
('41','41','41','Minima ut facilis est temporibus et nobis. Et id tempore harum id et. Est quo in et in harum ipsum voluptatibus inventore. Cupiditate non consequuntur id optio aut dolorem ut. Laborum quaerat sit veritatis nihil.','1970-09-06 17:38:02'),
('42','42','42','Et asperiores ea amet debitis tempore. Ut consequatur quis quia rerum dignissimos. Ut eum tempore ullam temporibus amet rerum.','1988-12-09 04:40:37'),
('43','43','43','Inventore voluptatem fugit quasi voluptas. Voluptatem aut animi quo occaecati et. Cupiditate sequi eveniet reprehenderit quasi quidem. Impedit reprehenderit tempore eos.','1993-04-12 07:24:20'),
('44','44','44','Sunt incidunt vero possimus occaecati. Tempore magni consectetur atque cumque fuga et ea. Voluptatum nobis tempore necessitatibus laudantium soluta. Quaerat cumque corrupti repellendus quia voluptatibus dolor. Consectetur natus amet et illum tempora saepe.','1970-11-01 17:22:11'),
('45','45','45','Fuga doloremque voluptatem natus voluptatum non ducimus aspernatur. Sit ut sequi fuga numquam aliquid. Aut deserunt omnis mollitia molestiae cum dolores et.','2016-12-20 17:32:08'),
('46','46','46','Beatae commodi et perspiciatis commodi dolorum eos. Qui recusandae quam eligendi ea. Itaque facere rerum maxime enim reprehenderit. Harum consequatur error qui saepe dolor rerum.','1988-12-27 18:35:03'),
('47','47','47','Reiciendis in dolores dolor a dolorum aut quis. Corporis ad sapiente ad at nam. Id maiores rem nobis minima.','2012-05-04 14:33:37'),
('48','48','48','Et error ut eum explicabo quaerat ut vitae aut. Delectus eum ad qui voluptate. Quod magni atque ut quo aut. Quo nihil alias vero vel reprehenderit. Vel quam ducimus eos officia.','1990-09-26 12:18:22'),
('49','49','49','Aliquam aut dolores dolor velit. Asperiores dicta error harum quis facilis expedita. Labore itaque dolores beatae dolorum. Ad aliquam tempora eos nihil et laudantium.','1999-08-18 03:42:57'),
('50','50','50','Doloribus repudiandae quasi quos quidem et repellat nemo dolorem. Praesentium harum distinctio consectetur sapiente. Voluptatibus quia rerum error suscipit consequatur nostrum voluptatem.','2012-05-11 20:15:26'),
('51','51','51','Occaecati reiciendis error maxime dolore. Voluptatem suscipit molestias labore corporis numquam cupiditate. Consequatur saepe culpa qui quod error voluptatem sunt sit. Sit animi maxime quae tenetur quia doloribus officia.','1974-09-06 13:37:12'),
('52','52','52','Ducimus doloribus veritatis delectus quidem aut fugit. Sint accusantium minus corrupti et qui qui explicabo libero. Quo qui et id placeat quia nemo laboriosam ea. Quasi sed beatae et excepturi nisi eum.','1986-06-25 11:30:48'),
('53','53','53','Dolore fugiat a recusandae temporibus et sit voluptatem. Ut hic molestiae quia exercitationem est. Ipsam dolorum hic facere dolore dolor at repellat.','1982-07-01 01:01:04'),
('54','54','54','Excepturi deleniti ratione eaque sit ducimus blanditiis. Officiis nulla rerum quod et. Sit cum temporibus odit doloremque voluptate illo voluptate. Consequatur et magnam pariatur maiores autem adipisci.','1997-01-15 17:19:50'),
('55','55','55','Ad voluptatem id laborum pariatur nobis quia dolor. Velit cum voluptatibus earum voluptatem beatae aut amet qui. Vero voluptas voluptatum optio et nihil corporis.','1991-03-05 12:44:47'),
('56','56','56','Nam quo facere dignissimos et quo culpa. Harum similique eum sed est modi est corrupti. Quaerat dolores est dolor sapiente qui et doloremque et.','1999-07-10 23:06:00'),
('57','57','57','Sint ut voluptatem pariatur. Velit delectus recusandae provident eveniet iste. Quia occaecati dolore voluptate unde aut. Dolorem ut numquam id ut asperiores odit explicabo. Beatae ipsam rerum optio dolor labore.','2002-02-20 05:22:59'),
('58','58','58','Officia repellendus minima omnis est nostrum repudiandae dicta. Unde ea id repellendus eum maxime. Laborum vel non sed maiores. Excepturi quasi sed ut natus quod rerum vel aliquid.','2008-02-10 12:42:33'),
('59','59','59','Doloribus dolorum maxime sunt et quis odit. Animi temporibus officiis aut magnam consequuntur. Aliquam et distinctio corporis ipsum ducimus.','2000-08-29 04:46:34'),
('60','60','60','Et rerum pariatur consectetur. A velit ea magni tempore nesciunt. Perferendis itaque fuga eum repudiandae quod. Aspernatur fugiat aut et quis.','2010-09-20 06:51:46'),
('61','61','61','Deserunt earum nobis quis. Molestiae ullam voluptates dolor voluptatem omnis. Ea dolorem eius magni quibusdam placeat.','2012-07-25 11:53:40'),
('62','62','62','Aut asperiores tenetur odit voluptas dolorem itaque aut quaerat. Nemo recusandae natus fugit error eius veritatis numquam.','1999-01-24 17:00:14'),
('63','63','63','Reprehenderit quas quia perspiciatis officiis omnis. Culpa vitae aut eligendi voluptatem nisi. Accusantium corrupti et quia quis. Veniam minus quia ea aut sed autem.','2006-10-31 12:29:39'),
('64','64','64','Quaerat veritatis ratione consequuntur voluptatum nostrum rem qui. Ipsum est ducimus voluptas quos sunt. Suscipit et qui sit. Doloribus non fuga omnis molestias error ducimus.','2006-04-29 17:48:14'),
('65','65','65','Ut possimus et et necessitatibus iste soluta. Eum nulla eaque nihil quisquam. Aut rem est velit dolor minus iure.','1972-03-13 01:49:40'),
('66','66','66','Corporis non doloremque officiis ea distinctio earum. Natus unde accusamus rerum. Quo repudiandae ut consequuntur et et.','1989-03-12 02:03:39'),
('67','67','67','Voluptates saepe similique in numquam sit rerum. In sequi cum nesciunt sit eius delectus. Aliquam explicabo nostrum distinctio reiciendis aut cum.','2005-09-02 07:27:21'),
('68','68','68','Magnam facere et corporis sequi culpa possimus. Reprehenderit accusantium rem ea veritatis officiis sed deserunt. Culpa beatae facere non.','2015-01-06 17:07:12'),
('69','69','69','Possimus omnis sunt qui velit saepe ipsam consequatur nihil. Qui quia libero itaque temporibus debitis modi. Eveniet aliquid quasi autem sint. Ex beatae rem ratione porro incidunt velit.','1975-05-04 16:37:01'),
('70','70','70','Consequatur dolores dolores et ut animi est. Et quis provident expedita dolorem.','1994-04-23 08:47:12'),
('71','71','71','Accusantium ut facilis porro eveniet sunt eos eos. Maxime eveniet quo enim sit nam aut tempore facilis. Ducimus sunt itaque aut et modi eaque tenetur est. Nihil et ipsam eum autem suscipit ipsum et.','1974-04-10 06:44:23'),
('72','72','72','Molestiae molestiae sed sit excepturi eveniet et. Illum perspiciatis ea minus recusandae accusantium voluptatem alias sit. Laborum voluptatem aspernatur placeat ad id. Laboriosam nam at aut recusandae officiis.','1977-10-21 18:39:06'),
('73','73','73','Consectetur fugit accusantium nihil est voluptas aut exercitationem. Voluptatibus eos nobis tempore. Consequatur esse natus similique ex quibusdam perspiciatis.','1999-04-18 22:31:28'),
('74','74','74','Fugit sed inventore ut et hic. A voluptatem voluptas vitae aspernatur.','1974-12-22 10:56:23'),
('75','75','75','Aut inventore laboriosam aspernatur blanditiis perspiciatis sit ut. Mollitia error autem praesentium quam amet illum ab. Quis blanditiis eveniet iusto nam qui in.','1992-10-12 22:12:16'),
('76','76','76','Odit voluptatem sed et impedit similique tempore. Eos tempore odit voluptas beatae exercitationem.','1980-06-12 19:40:18'),
('77','77','77','Perferendis dolor voluptate at consequatur dolore quas blanditiis. Est placeat debitis ipsam iste et. Reprehenderit voluptatem ducimus et ea hic laborum rerum.','1997-01-04 23:58:20'),
('78','78','78','Officiis sunt et alias ab. Minima excepturi sunt velit eligendi laborum id accusamus.','1996-06-21 06:57:49'),
('79','79','79','Optio facilis odio culpa quam voluptatibus praesentium autem. Laboriosam illum facilis ab et. Porro accusamus labore deserunt.','2016-06-11 05:09:04'),
('80','80','80','Nemo explicabo veniam minus at id. Voluptate asperiores quia animi et iste eum porro. Similique qui quia sit illum.','2019-02-04 18:24:55'),
('81','81','81','Saepe repudiandae porro laudantium dolor voluptas modi nisi. Dolores est rerum saepe exercitationem repellendus ab enim. Dolor quod voluptate sint est. Consectetur deserunt neque ad id optio.','1992-09-21 12:41:44'),
('82','82','82','Velit magnam error eius atque. Non quisquam autem ut eligendi. Occaecati corporis natus consequatur.','2014-01-30 06:04:47'),
('83','83','83','Officia quod sint necessitatibus blanditiis porro provident qui. Eum reprehenderit et ea ipsam aspernatur non. Velit voluptas et quod neque enim nam molestiae. Id ipsa quia excepturi impedit quia quia veritatis dolorem. Et hic aut et veritatis veniam quis nisi.','1976-05-07 03:17:40'),
('84','84','84','Magnam laboriosam adipisci sunt facilis harum magnam assumenda. Ut est expedita ut eaque veniam. Nihil accusantium voluptas assumenda cumque praesentium. Consequatur provident dolores vel laudantium debitis maiores.','1970-08-21 14:02:43'),
('85','85','85','Libero harum eum delectus ab. Enim est et laborum.','1995-11-11 04:27:07'),
('86','86','86','Reiciendis id sequi officia delectus. Animi veritatis voluptatem pariatur.','1989-01-23 03:04:32'),
('87','87','87','Occaecati eaque aspernatur perspiciatis. Expedita velit eos sit quos culpa optio. Praesentium id odit ut beatae odit provident qui aut. Optio cum voluptas ut est quo adipisci.','2001-01-05 12:30:30'),
('88','88','88','Molestiae non aspernatur repellendus hic voluptatibus rem. Veniam explicabo deserunt harum excepturi. Sed numquam molestiae consequatur assumenda repellendus. Repellat porro animi est accusamus placeat qui corporis.','1972-03-24 14:23:49'),
('89','89','89','Quia ad corrupti voluptatem deserunt eos voluptatem totam. Nihil velit recusandae et rerum. Dolor facilis odit sed est excepturi pariatur qui.','2019-08-19 00:21:43'),
('90','90','90','Voluptas non nihil itaque voluptas expedita. Cum et incidunt blanditiis voluptate reiciendis nihil ut. Commodi asperiores autem consectetur amet eum.','2018-01-17 10:08:27'),
('91','91','91','Sed veniam sapiente repellat nihil similique nam. Voluptatibus nostrum itaque nulla libero. Dolores et quaerat cum ipsa. Deserunt hic sit et et maiores.','1981-01-08 12:08:31'),
('92','92','92','Rerum provident occaecati architecto. Qui saepe nemo nulla. Sed quisquam sed voluptate voluptatem consectetur. Adipisci quas quo provident sint fuga atque voluptatem sed.','1995-06-01 11:20:34'),
('93','93','93','Rerum impedit repellendus sint quis. Repellat omnis aperiam quam distinctio tempora dolorem. Sequi culpa quo sapiente omnis recusandae. Dolore in porro corporis aut est voluptatem. Aut omnis deserunt exercitationem quam id animi quibusdam.','1981-02-06 01:19:34'),
('94','94','94','Non autem ad qui aliquid voluptatibus. Cum minima est rem expedita ut nisi deleniti voluptatem. Ratione eum ea dolores dolor quos expedita quia.','2012-06-09 13:49:09'),
('95','95','95','Minima accusantium et unde voluptas. Quod qui amet voluptates repellat rerum. Et officiis odit odit et tenetur alias sed in. Neque modi iusto voluptatem iusto.','2017-07-29 02:00:23'),
('96','96','96','Sit aliquid dignissimos quo enim aut cum iure. Nihil culpa consequatur voluptatem qui. Sit rem reprehenderit enim maxime.','2018-11-14 00:38:42'),
('97','97','97','Consequatur accusantium labore quasi rerum dolor nulla voluptas voluptates. Eligendi aspernatur tempore cumque veniam suscipit sed. Dolor doloribus rem in quia. Molestiae animi sed itaque et.','1993-06-06 07:13:47'),
('98','98','98','Nostrum voluptas porro architecto aut nesciunt eveniet. In odit reprehenderit ullam. Qui sed eos neque eos.','1984-08-23 17:54:27'),
('99','99','99','Nostrum nisi tempore quia molestiae optio in modi. Non quisquam maxime eos. Qui mollitia a ullam magni. Rerum doloribus amet ullam quod amet reprehenderit occaecati. A doloremque deserunt quasi velit sit est.','1998-01-30 17:00:59'),
('100','100','100','Alias doloremque quas illo minus quos. Eos sit hic ea maxime et. Accusantium sed in commodi sapiente dolor quis ipsam eos. Est labore voluptates beatae quis.','1982-05-23 18:51:39'); 


DROP TABLE IF EXISTS `photo_albums`;
CREATE TABLE `photo_albums` (
  `id` bigint(20) unsigned NOT NULL AUTO_INCREMENT,
  `name` varchar(255) COLLATE utf8_unicode_ci DEFAULT NULL,
  `user_id` bigint(20) unsigned DEFAULT NULL,
  PRIMARY KEY (`id`),
  UNIQUE KEY `id` (`id`),
  KEY `user_id` (`user_id`),
  CONSTRAINT `photo_albums_ibfk_1` FOREIGN KEY (`user_id`) REFERENCES `users` (`id`)
) ENGINE=InnoDB AUTO_INCREMENT=101 DEFAULT CHARSET=utf8 COLLATE=utf8_unicode_ci;

INSERT INTO `photo_albums` VALUES ('1','asperiores','1'),
('2','est','2'),
('3','omnis','3'),
('4','tempora','4'),
('5','ut','5'),
('6','id','6'),
('7','et','7'),
('8','voluptas','8'),
('9','molestiae','9'),
('10','iste','10'),
('11','molestiae','11'),
('12','reiciendis','12'),
('13','rem','13'),
('14','ullam','14'),
('15','provident','15'),
('16','sit','16'),
('17','commodi','17'),
('18','odio','18'),
('19','magni','19'),
('20','reprehenderit','20'),
('21','placeat','21'),
('22','sit','22'),
('23','vero','23'),
('24','accusamus','24'),
('25','eum','25'),
('26','porro','26'),
('27','necessitatibus','27'),
('28','voluptas','28'),
('29','enim','29'),
('30','facilis','30'),
('31','recusandae','31'),
('32','quibusdam','32'),
('33','eligendi','33'),
('34','minima','34'),
('35','a','35'),
('36','officia','36'),
('37','et','37'),
('38','eius','38'),
('39','veritatis','39'),
('40','voluptatem','40'),
('41','qui','41'),
('42','delectus','42'),
('43','velit','43'),
('44','sint','44'),
('45','aut','45'),
('46','ut','46'),
('47','ad','47'),
('48','reiciendis','48'),
('49','molestiae','49'),
('50','laboriosam','50'),
('51','placeat','51'),
('52','et','52'),
('53','non','53'),
('54','aperiam','54'),
('55','id','55'),
('56','iste','56'),
('57','id','57'),
('58','quisquam','58'),
('59','est','59'),
('60','illo','60'),
('61','doloribus','61'),
('62','accusamus','62'),
('63','autem','63'),
('64','totam','64'),
('65','dignissimos','65'),
('66','quam','66'),
('67','similique','67'),
('68','neque','68'),
('69','et','69'),
('70','consequatur','70'),
('71','officia','71'),
('72','sint','72'),
('73','reprehenderit','73'),
('74','sed','74'),
('75','sint','75'),
('76','repellat','76'),
('77','voluptates','77'),
('78','nulla','78'),
('79','blanditiis','79'),
('80','quis','80'),
('81','rem','81'),
('82','ut','82'),
('83','delectus','83'),
('84','placeat','84'),
('85','sed','85'),
('86','ullam','86'),
('87','qui','87'),
('88','autem','88'),
('89','omnis','89'),
('90','rerum','90'),
('91','dignissimos','91'),
('92','magnam','92'),
('93','eum','93'),
('94','eum','94'),
('95','voluptatibus','95'),
('96','dolor','96'),
('97','saepe','97'),
('98','magni','98'),
('99','cum','99'),
('100','impedit','100'); 


DROP TABLE IF EXISTS `photos`;
CREATE TABLE `photos` (
  `id` bigint(20) unsigned NOT NULL AUTO_INCREMENT,
  `album_id` bigint(20) unsigned NOT NULL,
  `media_id` bigint(20) unsigned NOT NULL,
  PRIMARY KEY (`id`),
  KEY `album_id` (`album_id`),
  KEY `media_id` (`media_id`),
  CONSTRAINT `photos_ibfk_1` FOREIGN KEY (`album_id`) REFERENCES `photo_albums` (`id`),
  CONSTRAINT `photos_ibfk_2` FOREIGN KEY (`media_id`) REFERENCES `media` (`id`)
) ENGINE=InnoDB AUTO_INCREMENT=101 DEFAULT CHARSET=utf8 COLLATE=utf8_unicode_ci;

INSERT INTO `photos` VALUES ('1','1','1'),
('2','2','2'),
('3','3','3'),
('4','4','4'),
('5','5','5'),
('6','6','6'),
('7','7','7'),
('8','8','8'),
('9','9','9'),
('10','10','10'),
('11','11','11'),
('12','12','12'),
('13','13','13'),
('14','14','14'),
('15','15','15'),
('16','16','16'),
('17','17','17'),
('18','18','18'),
('19','19','19'),
('20','20','20'),
('21','21','21'),
('22','22','22'),
('23','23','23'),
('24','24','24'),
('25','25','25'),
('26','26','26'),
('27','27','27'),
('28','28','28'),
('29','29','29'),
('30','30','30'),
('31','31','31'),
('32','32','32'),
('33','33','33'),
('34','34','34'),
('35','35','35'),
('36','36','36'),
('37','37','37'),
('38','38','38'),
('39','39','39'),
('40','40','40'),
('41','41','41'),
('42','42','42'),
('43','43','43'),
('44','44','44'),
('45','45','45'),
('46','46','46'),
('47','47','47'),
('48','48','48'),
('49','49','49'),
('50','50','50'),
('51','51','51'),
('52','52','52'),
('53','53','53'),
('54','54','54'),
('55','55','55'),
('56','56','56'),
('57','57','57'),
('58','58','58'),
('59','59','59'),
('60','60','60'),
('61','61','61'),
('62','62','62'),
('63','63','63'),
('64','64','64'),
('65','65','65'),
('66','66','66'),
('67','67','67'),
('68','68','68'),
('69','69','69'),
('70','70','70'),
('71','71','71'),
('72','72','72'),
('73','73','73'),
('74','74','74'),
('75','75','75'),
('76','76','76'),
('77','77','77'),
('78','78','78'),
('79','79','79'),
('80','80','80'),
('81','81','81'),
('82','82','82'),
('83','83','83'),
('84','84','84'),
('85','85','85'),
('86','86','86'),
('87','87','87'),
('88','88','88'),
('89','89','89'),
('90','90','90'),
('91','91','91'),
('92','92','92'),
('93','93','93'),
('94','94','94'),
('95','95','95'),
('96','96','96'),
('97','97','97'),
('98','98','98'),
('99','99','99'),
('100','100','100'); 


DROP TABLE IF EXISTS `profiles`;
CREATE TABLE `profiles` (
  `user_id` bigint(20) unsigned NOT NULL AUTO_INCREMENT,
  `gender` char(1) COLLATE utf8_unicode_ci DEFAULT NULL,
  `birthday` date DEFAULT NULL,
  `photo_id` bigint(20) unsigned DEFAULT NULL,
  `created_at` datetime DEFAULT current_timestamp(),
  `hometown` varchar(100) COLLATE utf8_unicode_ci DEFAULT NULL,
  PRIMARY KEY (`user_id`),
  CONSTRAINT `profiles_ibfk_1` FOREIGN KEY (`user_id`) REFERENCES `users` (`id`) ON UPDATE CASCADE
) ENGINE=InnoDB AUTO_INCREMENT=101 DEFAULT CHARSET=utf8 COLLATE=utf8_unicode_ci;

INSERT INTO `profiles` VALUES ('1',NULL,'1970-08-20','1','2019-02-18 23:40:56',NULL),
('2',NULL,'1976-04-27','2','1994-11-04 10:52:15',NULL),
('3',NULL,'1999-06-03','3','1994-09-28 07:52:26',NULL),
('4',NULL,'1987-05-16','4','1980-04-26 01:52:56',NULL),
('5',NULL,'1999-05-09','5','1983-10-25 09:26:48',NULL),
('6',NULL,'1983-01-31','6','1991-08-28 15:43:56',NULL),
('7',NULL,'1977-10-15','7','1974-10-26 02:41:21',NULL),
('8',NULL,'1972-09-12','8','1994-12-19 02:43:44',NULL),
('9',NULL,'2014-08-23','9','2005-05-14 20:47:25',NULL),
('10',NULL,'1984-04-07','10','1994-08-19 17:01:06',NULL),
('11',NULL,'1970-12-25','11','2013-01-20 23:13:20',NULL),
('12',NULL,'1999-11-13','12','1999-03-02 23:09:17',NULL),
('13',NULL,'2008-12-28','13','1982-11-09 10:50:15',NULL),
('14',NULL,'1970-08-19','14','2017-04-03 09:01:48',NULL),
('15',NULL,'1975-10-06','15','1996-07-06 02:37:38',NULL),
('16',NULL,'2017-08-29','16','2013-04-30 09:40:58',NULL),
('17',NULL,'1976-02-13','17','1994-04-21 17:59:05',NULL),
('18',NULL,'2014-04-05','18','1995-06-13 15:04:21',NULL),
('19',NULL,'2018-10-20','19','1994-11-01 15:32:41',NULL),
('20',NULL,'1996-04-15','20','1979-07-29 13:25:00',NULL),
('21',NULL,'1995-06-25','21','2015-06-11 19:53:41',NULL),
('22',NULL,'2016-06-01','22','1990-12-06 23:15:19',NULL),
('23',NULL,'2019-09-20','23','1990-08-22 12:53:03',NULL),
('24',NULL,'1989-08-05','24','1980-09-22 11:44:42',NULL),
('25',NULL,'1980-09-24','25','1989-06-10 22:07:41',NULL),
('26',NULL,'1997-11-08','26','2019-09-13 13:22:12',NULL),
('27',NULL,'1985-09-09','27','2018-03-21 07:40:12',NULL),
('28',NULL,'1996-08-15','28','1980-04-20 01:39:50',NULL),
('29',NULL,'2018-10-04','29','1971-10-28 09:13:18',NULL),
('30',NULL,'2017-04-08','30','1972-10-06 07:05:24',NULL),
('31',NULL,'1974-06-22','31','2011-01-18 11:12:24',NULL),
('32',NULL,'1987-03-04','32','1977-04-11 12:51:19',NULL),
('33',NULL,'1978-01-06','33','1976-08-24 20:51:37',NULL),
('34',NULL,'2000-03-25','34','1975-01-06 06:06:42',NULL),
('35',NULL,'1991-04-05','35','1979-09-18 16:14:35',NULL),
('36',NULL,'1987-02-18','36','1986-10-08 21:00:26',NULL),
('37',NULL,'1976-09-13','37','1989-04-07 21:15:01',NULL),
('38',NULL,'1979-05-10','38','2011-01-17 00:30:57',NULL),
('39',NULL,'1988-10-22','39','2009-11-16 06:45:03',NULL),
('40',NULL,'1975-11-23','40','1975-01-06 21:33:40',NULL),
('41',NULL,'2013-03-25','41','2001-10-12 22:56:48',NULL),
('42',NULL,'1990-08-18','42','1988-05-07 16:26:07',NULL),
('43',NULL,'2003-06-05','43','2000-07-01 01:37:17',NULL),
('44',NULL,'1987-10-08','44','1995-06-30 16:25:32',NULL),
('45',NULL,'1978-06-19','45','2011-07-28 10:56:37',NULL),
('46',NULL,'2008-12-22','46','1998-05-06 16:25:58',NULL),
('47',NULL,'2018-03-04','47','1974-05-13 11:01:10',NULL),
('48',NULL,'1982-08-17','48','1992-09-28 18:55:00',NULL),
('49',NULL,'2015-09-06','49','1994-11-09 13:32:54',NULL),
('50',NULL,'1992-10-25','50','1994-03-26 09:53:54',NULL),
('51',NULL,'1993-09-29','51','1993-01-18 08:35:42',NULL),
('52',NULL,'1971-06-15','52','2019-03-02 14:15:35',NULL),
('53',NULL,'1988-07-01','53','2003-06-25 16:12:59',NULL),
('54',NULL,'1979-01-12','54','2008-10-23 03:25:56',NULL),
('55',NULL,'1980-05-03','55','1995-01-22 10:03:33',NULL),
('56',NULL,'2013-05-24','56','2016-06-20 19:31:11',NULL),
('57',NULL,'1974-08-23','57','2016-01-15 01:45:37',NULL),
('58',NULL,'2015-01-15','58','1986-09-23 17:40:54',NULL),
('59',NULL,'1986-10-10','59','1980-01-19 04:35:57',NULL),
('60',NULL,'2011-06-21','60','1987-10-22 12:27:29',NULL),
('61',NULL,'2008-01-27','61','2011-05-28 23:45:10',NULL),
('62',NULL,'2017-04-12','62','2015-03-03 18:58:26',NULL),
('63',NULL,'1973-03-24','63','2010-07-06 21:19:21',NULL),
('64',NULL,'1973-07-01','64','2007-02-09 01:16:18',NULL),
('65',NULL,'1990-09-04','65','1988-01-14 12:35:21',NULL),
('66',NULL,'1985-04-07','66','2004-10-09 06:32:53',NULL),
('67',NULL,'2011-08-21','67','1991-05-08 18:42:37',NULL),
('68',NULL,'1999-01-05','68','2014-03-16 22:40:54',NULL),
('69',NULL,'1981-12-19','69','2000-07-20 04:07:20',NULL),
('70',NULL,'1975-01-08','70','2014-05-24 09:12:29',NULL),
('71',NULL,'2001-12-13','71','2005-09-16 19:20:58',NULL),
('72',NULL,'1989-09-02','72','1978-05-20 13:46:32',NULL),
('73',NULL,'1990-08-05','73','1993-02-16 03:38:38',NULL),
('74',NULL,'1996-12-03','74','2014-04-06 09:36:48',NULL),
('75',NULL,'1986-04-21','75','1997-01-17 06:43:21',NULL),
('76',NULL,'2008-07-04','76','1972-08-22 15:28:41',NULL),
('77',NULL,'2005-01-05','77','1979-04-18 18:11:46',NULL),
('78',NULL,'2007-02-16','78','2013-10-06 02:41:23',NULL),
('79',NULL,'2008-02-18','79','1991-06-25 21:50:21',NULL),
('80',NULL,'2010-02-25','80','2011-09-12 17:54:29',NULL),
('81',NULL,'2003-08-28','81','2001-06-07 09:46:14',NULL),
('82',NULL,'1994-12-25','82','1972-02-20 19:26:07',NULL),
('83',NULL,'1989-08-14','83','1997-11-11 14:23:20',NULL),
('84',NULL,'1974-11-03','84','1997-10-23 15:30:40',NULL),
('85',NULL,'1997-07-11','85','1986-04-21 12:14:02',NULL),
('86',NULL,'1994-02-19','86','2010-11-14 23:43:59',NULL),
('87',NULL,'1987-12-18','87','2003-03-28 06:32:47',NULL),
('88',NULL,'1971-01-31','88','1988-08-14 22:54:14',NULL),
('89',NULL,'1972-07-13','89','1985-09-07 13:12:06',NULL),
('90',NULL,'1989-03-28','90','2004-10-14 02:01:11',NULL),
('91',NULL,'1992-07-29','91','1981-04-19 08:05:16',NULL),
('92',NULL,'1988-12-21','92','1997-12-23 19:31:40',NULL),
('93',NULL,'1976-12-31','93','2008-10-03 22:11:21',NULL),
('94',NULL,'1985-05-07','94','1982-11-18 22:48:04',NULL),
('95',NULL,'1985-03-02','95','2006-10-16 10:18:38',NULL),
('96',NULL,'1975-08-31','96','1994-08-09 00:35:38',NULL),
('97',NULL,'1986-10-07','97','2003-06-26 04:44:51',NULL),
('98',NULL,'1989-05-16','98','1992-09-02 00:48:17',NULL),
('99',NULL,'2009-10-08','99','2019-04-07 11:26:15',NULL),
('100',NULL,'1992-01-07','100','1995-02-16 20:23:21',NULL); 


DROP TABLE IF EXISTS `users`;
CREATE TABLE `users` (
  `id` bigint(20) unsigned NOT NULL AUTO_INCREMENT,
  `firstname` varchar(50) COLLATE utf8_unicode_ci DEFAULT NULL,
  `lastname` varchar(50) COLLATE utf8_unicode_ci DEFAULT NULL COMMENT '',
  `email` varchar(120) COLLATE utf8_unicode_ci DEFAULT NULL,
  `phone` bigint(20) DEFAULT NULL,
  PRIMARY KEY (`id`),
  UNIQUE KEY `email` (`email`),
  KEY `users_phone_idx` (`phone`),
  KEY `users_firstname_lastname_idx` (`firstname`,`lastname`)
) ENGINE=InnoDB AUTO_INCREMENT=101 DEFAULT CHARSET=utf8 COLLATE=utf8_unicode_ci;

INSERT INTO `users` VALUES ('1','Kendall','Ortiz','esperanza.hudson@example.org','1'),
('2','George','Hilpert','dare.ashleigh@example.com','1'),
('3','Rodrick','Price','emitchell@example.com','1'),
('4','Liliana','Kilback','sylvia81@example.com','758'),
('5','Obie','Barton','karlie.lowe@example.net','123'),
('6','Monserrat','Daniel','barton36@example.com','365525'),
('7','Adriana','Cremin','cesar80@example.net','0'),
('8','Nigel','Keeling','anderson.rollin@example.org','266'),
('9','Stephon','Heidenreich','nikolaus.taurean@example.net','0'),
('10','Jalyn','Bogan','elroy.stanton@example.com','1'),
('11','Eliza','Smitham','maude13@example.net','1'),
('12','Dane','Crona','bayer.mariano@example.com','4178960927'),
('13','Tara','Roberts','iva75@example.com','284'),
('14','Freddie','Oberbrunner','ggoodwin@example.net','6029953665'),
('15','Lue','Luettgen','lakin.kamryn@example.net','397'),
('16','Kacey','Stracke','emccullough@example.net','0'),
('17','Kathleen','Swift','lwelch@example.org','0'),
('18','Saul','Stokes','grant.pfeffer@example.net','565'),
('19','Braden','Huels','zharvey@example.net','348'),
('20','Maurice','Barton','willms.ahmad@example.com','0'),
('21','Brody','Vandervort','owhite@example.net','0'),
('22','Wade','Tromp','rkeebler@example.com','1469686844'),
('23','Kianna','Pfannerstill','zjohns@example.net','0'),
('24','Mckenna','Daniel','rosalyn81@example.org','7097262119'),
('25','Idell','Schowalter','theron.blick@example.com','0'),
('26','Imogene','Ondricka','brekke.randi@example.org','1'),
('27','Gunner','Ankunding','curt15@example.com','3517000396'),
('28','Virginia','Lemke','harvey.carlotta@example.net','315'),
('29','Adriel','Wyman','mozell.runolfsson@example.net','351237'),
('30','Rosina','Gutmann','moen.estella@example.org','0'),
('31','Tristian','Cassin','walsh.chauncey@example.net','419534'),
('32','Angelo','Rath','greenfelder.flossie@example.net','0'),
('33','Brice','Bosco','isabell91@example.net','1'),
('34','Eudora','Hyatt','hegmann.phoebe@example.org','112'),
('35','Neoma','Bednar','powlowski.bud@example.net','1'),
('36','Eldridge','Walsh','stefan.tillman@example.com','0'),
('37','Jerald','Feeney','ehudson@example.net','569374'),
('38','Maryam','Schmitt','nestor.langosh@example.org','488'),
('39','Americo','Heller','pansy83@example.com','7'),
('40','Soledad','Kertzmann','jadon43@example.org','265141'),
('41','Doyle','Champlin','destiney.boyer@example.net','1'),
('42','Lavonne','Bauch','ilene.halvorson@example.net','533477'),
('43','Floy','Welch','devan.kertzmann@example.org','0'),
('44','Tressie','Lemke','reyes.klein@example.org','389635'),
('45','Camden','Morar','wgorczany@example.com','604'),
('46','Jerald','Balistreri','robel.matilde@example.org','748'),
('47','Clinton','Gutmann','monserrat.macejkovic@example.com','293710'),
('48','Caleb','McDermott','creola59@example.net','1'),
('49','Garrick','Walker','nelle.schumm@example.net','235118'),
('50','Sean','Jacobson','schulist.emmie@example.org','0'),
('51','Myrtice','Christiansen','adam96@example.net','0'),
('52','Mollie','VonRueden','javier.halvorson@example.com','378501'),
('53','Mabelle','Runolfsdottir','storphy@example.org','186'),
('54','Karine','Kassulke','kerluke.edna@example.com','1'),
('55','Karianne','Becker','osvaldo.goldner@example.com','0'),
('56','Anne','Cremin','jamal64@example.org','1'),
('57','Pearl','Collins','andres.hermiston@example.com','701'),
('58','Trevor','Schroeder','cleora.reichel@example.com','3306518929'),
('59','Jeff','Cronin','daron.carroll@example.com','1'),
('60','Delilah','Prohaska','alberto66@example.org','4262589322'),
('61','D\'angelo','Williamson','lucinda98@example.org','23'),
('62','Calista','Tillman','dratke@example.net','841257'),
('63','Eloisa','Ondricka','lilly.lang@example.org','43'),
('64','Jamey','Moore','larkin.sigrid@example.com','519'),
('65','Celestine','Willms','salvatore29@example.org','2996609014'),
('66','Danny','Pfeffer','serena.feest@example.net','194937'),
('67','Cielo','Schumm','lon.blick@example.com','942606725'),
('68','Raven','Sauer','mack.bins@example.net','0'),
('69','Clifford','Gislason','maxine.schroeder@example.org','315356'),
('70','Berenice','Altenwerth','charlie74@example.net','195'),
('71','Benny','Pagac','waylon.collins@example.org','914'),
('72','Rowland','Corwin','stephanie05@example.com','75'),
('73','Garrick','Nader','jacobi.marcelino@example.net','0'),
('74','Tom','Kulas','lizzie.keeling@example.net','82'),
('75','Maxwell','Bode','weimann.otha@example.net','6601228391'),
('76','Janae','Schmeler','baumbach.kody@example.com','3574269032'),
('77','Kayli','Leuschke','stephanie32@example.com','746099'),
('78','Garnett','Skiles','aubree.rolfson@example.org','802358'),
('79','Candace','Jacobson','deonte05@example.com','810'),
('80','Ahmad','Gislason','maryjane.kling@example.org','0'),
('81','Daisy','Dietrich','cfeeney@example.net','1'),
('82','Brooklyn','O\'Kon','streich.micheal@example.com','668'),
('83','Helen','Gleason','ieffertz@example.net','1'),
('84','Kristofer','Kiehn','umacejkovic@example.org','209293'),
('85','Kobe','Hoeger','stanton.betty@example.org','1'),
('86','Katheryn','Brown','fkertzmann@example.net','1'),
('87','Oral','Tremblay','leffler.pierre@example.net','1'),
('88','Nolan','Mayer','bashirian.oren@example.net','0'),
('89','Jean','Ebert','eveline.medhurst@example.net','166'),
('90','Adam','Heller','hodkiewicz.crystal@example.com','627'),
('91','Turner','Ankunding','rdibbert@example.org','233493'),
('92','Geoffrey','Gibson','jackie61@example.com','0'),
('93','Rigoberto','O\'Keefe','miller.zula@example.com','1'),
('94','Kamryn','Kunze','pearl64@example.com','965'),
('95','Norval','Ortiz','wiza.zula@example.com','963522'),
('96','Lon','Corkery','abshire.linda@example.com','858'),
('97','Scarlett','Hamill','sierra84@example.org','220611'),
('98','Kiana','Rohan','nathanael.pouros@example.org','1'),
('99','Tierra','Koelpin','lgutmann@example.com','0'),
('100','Estel','Hand','destiny73@example.net','417941'); 


DROP TABLE IF EXISTS `users_communities`;
CREATE TABLE `users_communities` (
  `user_id` bigint(20) unsigned NOT NULL,
  `community_id` bigint(20) unsigned NOT NULL,
  PRIMARY KEY (`user_id`,`community_id`),
  KEY `community_id` (`community_id`),
  CONSTRAINT `users_communities_ibfk_1` FOREIGN KEY (`user_id`) REFERENCES `users` (`id`),
  CONSTRAINT `users_communities_ibfk_2` FOREIGN KEY (`community_id`) REFERENCES `communities` (`id`)
) ENGINE=InnoDB DEFAULT CHARSET=utf8 COLLATE=utf8_unicode_ci;

INSERT INTO `users_communities` VALUES ('1','1'),
('2','2'),
('3','3'),
('4','4'),
('5','5'),
('6','6'),
('7','7'),
('8','8'),
('9','9'),
('10','10'),
('11','11'),
('12','12'),
('13','13'),
('14','14'),
('15','15'),
('16','16'),
('17','17'),
('18','18'),
('19','19'),
('20','20'),
('21','21'),
('22','22'),
('23','23'),
('24','24'),
('25','25'),
('26','26'),
('27','27'),
('28','28'),
('29','29'),
('30','30'),
('31','31'),
('32','32'),
('33','33'),
('34','34'),
('35','35'),
('36','36'),
('37','37'),
('38','38'),
('39','39'),
('40','40'),
('41','41'),
('42','42'),
('43','43'),
('44','44'),
('45','45'),
('46','46'),
('47','47'),
('48','48'),
('49','49'),
('50','50'),
('51','51'),
('52','52'),
('53','53'),
('54','54'),
('55','55'),
('56','56'),
('57','57'),
('58','58'),
('59','59'),
('60','60'),
('61','61'),
('62','62'),
('63','63'),
('64','64'),
('65','65'),
('66','66'),
('67','67'),
('68','68'),
('69','69'),
('70','70'),
('71','71'),
('72','72'),
('73','73'),
('74','74'),
('75','75'),
('76','76'),
('77','77'),
('78','78'),
('79','79'),
('80','80'),
('81','81'),
('82','82'),
('83','83'),
('84','84'),
('85','85'),
('86','86'),
('87','87'),
('88','88'),
('89','89'),
('90','90'),
('91','91'),
('92','92'),
('93','93'),
('94','94'),
('95','95'),
('96','96'),
('97','97'),
('98','98'),
('99','99'),
('100','100'); 




/*!40101 SET SQL_MODE=@OLD_SQL_MODE */;
/*!40014 SET FOREIGN_KEY_CHECKS=@OLD_FOREIGN_KEY_CHECKS */;
/*!40014 SET UNIQUE_CHECKS=@OLD_UNIQUE_CHECKS */;
/*!40101 SET CHARACTER_SET_CLIENT=@OLD_CHARACTER_SET_CLIENT */;
/*!40101 SET CHARACTER_SET_RESULTS=@OLD_CHARACTER_SET_RESULTS */;
/*!40101 SET COLLATION_CONNECTION=@OLD_COLLATION_CONNECTION */;
/*!40111 SET SQL_NOTES=@OLD_SQL_NOTES */;

